{"all_ISI_values": [42.40000000000964, 39.300000000008936, 15.400000000003502, 52.90000000001203, 19.800000000004502, 25.90000000000589, 21.90000000000498, 19.900000000004525, 24.600000000005593, 26.900000000006116, 17.600000000004002, 19.900000000004525, 21.09999999998854, 21.699999999980264, 22.19999999997981, 21.19999999998072, 23.899999999978263, 19.99999999998181, 19.8999999999819, 20.799999999981083, 20.9999999999809, 21.399999999980537, 21.699999999980264, 18.99999999998272, 20.799999999981083, 20.799999999981083, 21.399999999980537, 22.499999999979536, 19.99999999998181, 16.79999999998472, 23.599999999978536, 18.499999999983174, 22.0999999999799, 20.09999999998172, 19.8999999999819, 19.8999999999819, 20.9999999999809, 18.499999999983174, 18.099999999983538, 21.09999999998081], "time_to_first_spike": [80.40000000008843]}