{"all_ISI_values": [41.70000000000948, 18.100000000004115, 84.20000000001914, 18.500000000004206, 66.90000000001521, 33.100000000007526, 22.70000000000516, 70.09999999998786, 33.99999999996908, 35.399999999967804, 32.199999999970714, 17.399999999984175, 31.799999999971078, 29.099999999973534, 19.499999999982265, 30.49999999997226, 31.59999999997126, 26.699999999975716, 15.79999999998563, 44.1999999999598, 24.599999999977626, 43.89999999996007, 25.999999999976353, 26.099999999976262, 46.49999999995771, 22.99999999997908], "time_to_first_spike": [83.10000000008904]}