{"all_ISI_values": [10.800000000002456, 11.600000000002638, 14.300000000003251, 12.900000000002933, 12.500000000002842, 11.900000000002706, 13.200000000003001, 12.100000000002751, 12.600000000002865, 12.500000000002842, 12.40000000000282, 11.70000000000266, 12.40000000000282, 12.100000000002751, 11.800000000002683, 11.600000000002638, 11.500000000002615, 11.800000000002683, 11.400000000002592, 11.900000000002706, 11.400000000002592, 10.700000000002433, 10.500000000002387, 11.400000000002592, 11.600000000002638, 11.500000000002615, 9.700000000002206, 11.000000000002501, 11.500000000002615, 10.300000000002342, 11.200000000002547, 10.100000000002296, 11.000000000002501, 10.19999999999834, 10.799999999990177, 10.699999999990268, 10.399999999990541, 10.199999999990723, 10.49999999999045, 10.999999999989996, 10.49999999999045, 9.699999999991178, 10.399999999990541, 10.199999999990723, 10.299999999990632, 10.799999999990177, 9.49999999999136, 10.699999999990268, 9.899999999990996, 10.099999999990814, 10.699999999990268, 10.399999999990541, 10.399999999990541, 9.899999999990996, 10.299999999990632, 9.899999999990996, 10.899999999990087, 10.699999999990268, 10.399999999990541, 10.299999999990632, 9.799999999991087, 10.199999999990723, 10.299999999990632, 9.999999999990905, 9.39999999999145, 9.999999999990905, 9.899999999990996, 10.59999999999036, 10.49999999999045, 10.099999999990814, 10.199999999990723, 9.899999999990996, 9.699999999991178, 10.099999999990814, 9.39999999999145, 10.099999999990814, 9.899999999990996, 9.699999999991178, 9.899999999990996, 9.899999999990996, 9.999999999990905, 10.299999999990632, 9.899999999990996, 10.399999999990541, 10.099999999990814, 9.49999999999136, 10.399999999990541, 10.199999999990723, 9.899999999990996, 9.799999999991087, 9.899999999990996], "time_to_first_spike": [22.10000000007517]}