{"all_ISI_values": [241.5000000000125, 18.89999999998281, 48.899999999955526, 53.69999999995116, 101.39999999990778, 46.3999999999578, 88.19999999991978, 62.29999999994334, 49.999999999954525, 44.09999999995989], "time_to_first_spike": [209.50000000011778]}