{"all_ISI_values": [16.300000000003706, 8.100000000001842, 10.000000000002274, 9.400000000002137, 9.900000000002251, 9.900000000002251, 9.200000000002092, 8.500000000001933, 9.100000000002069, 9.400000000002137, 9.50000000000216, 9.100000000002069, 9.100000000002069, 8.100000000001842, 9.50000000000216, 9.100000000002069, 8.500000000001933, 9.000000000002046, 8.900000000002024, 8.900000000002024, 8.40000000000191, 8.800000000002001, 9.000000000002046, 8.700000000001978, 7.100000000001614, 8.800000000002001, 7.200000000001637, 4.200000000000955, 7.600000000001728, 8.500000000001933, 8.200000000001864, 7.600000000001728, 8.800000000002001, 8.600000000001955, 7.000000000001592, 9.100000000002069, 7.8000000000017735, 7.700000000001751, 8.40000000000191, 7.8000000000017735, 7.700000000001751, 8.500000000001933, 7.500000000001705, 7.700000000001751, 7.8000000000017735, 8.100000000001842, 8.300000000001887, 7.600000000000023, 8.099999999992633, 7.999999999992724, 7.999999999992724, 8.699999999992087, 8.299999999992451, 7.799999999992906, 8.599999999992178, 7.899999999992815, 7.699999999992997, 8.099999999992633, 5.799999999994725, 8.199999999992542, 7.39999999999327, 8.199999999992542, 5.799999999994725, 8.199999999992542, 7.899999999992815, 7.39999999999327, 7.39999999999327, 8.099999999992633, 7.699999999992997, 7.799999999992906, 7.899999999992815, 7.199999999993452, 7.699999999992997, 7.599999999993088, 7.699999999992997, 7.699999999992997, 8.099999999992633, 7.699999999992997, 7.999999999992724, 7.799999999992906, 7.39999999999327, 7.799999999992906, 7.799999999992906, 7.899999999992815, 7.199999999993452, 8.099999999992633, 7.299999999993361, 7.499999999993179, 8.199999999992542, 7.499999999993179, 7.899999999992815, 7.699999999992997, 7.499999999993179, 7.999999999992724, 7.599999999993088, 7.699999999992997, 7.799999999992906, 7.299999999993361, 7.39999999999327, 7.299999999993361, 7.999999999992724, 7.699999999992997, 7.899999999992815, 7.899999999992815, 8.099999999992633, 7.599999999993088, 7.599999999993088, 8.099999999992633, 7.499999999993179, 7.099999999993543, 7.499999999993179, 7.39999999999327, 7.799999999992906, 6.8999999999937245, 5.999999999994543, 7.699999999992997, 6.199999999994361, 7.799999999992906, 8.299999999992451, 6.799999999993815, 7.199999999993452, 7.599999999993088, 6.799999999993815, 7.799999999992906], "time_to_first_spike": [3.2000000000708724]}