{"all_ISI_values": [26.100000000005934, 11.800000000002683, 16.80000000000382, 12.300000000002797, 12.500000000002842, 11.900000000002706, 10.900000000002478, 11.000000000002501, 8.40000000000191, 13.800000000003138, 12.80000000000291, 11.200000000002547, 11.500000000002615, 11.400000000002592, 10.800000000002456, 8.000000000001819, 12.900000000002933, 10.400000000002365, 7.700000000001751, 12.40000000000282, 10.400000000002365, 11.400000000002592, 10.20000000000232, 10.900000000002478, 10.20000000000232, 11.900000000002706, 10.100000000002296, 8.300000000001887, 11.100000000002524, 11.400000000002592, 11.400000000002592, 11.100000000002524, 7.600000000001728, 10.900000000002478, 11.100000000002524, 10.099999999997294, 11.099999999989905, 10.49999999999045, 9.899999999990996, 9.899999999990996, 9.699999999991178, 9.699999999991178, 9.39999999999145, 9.999999999990905, 10.099999999990814, 9.699999999991178, 10.199999999990723, 10.699999999990268, 9.599999999991269, 10.299999999990632, 9.999999999990905, 10.099999999990814, 9.899999999990996, 10.49999999999045, 10.699999999990268, 9.799999999991087, 10.49999999999045, 10.299999999990632, 10.399999999990541, 10.59999999999036, 9.999999999990905, 8.099999999992633, 10.299999999990632, 9.999999999990905, 10.199999999990723, 10.899999999990087, 9.299999999991542, 10.299999999990632, 9.899999999990996, 9.799999999991087, 9.199999999991633, 10.199999999990723, 7.39999999999327, 8.599999999992178, 9.49999999999136, 9.699999999991178, 9.49999999999136, 10.099999999990814, 9.599999999991269, 9.999999999990905, 9.899999999990996, 7.899999999992815, 10.799999999990177, 9.899999999990996, 9.39999999999145, 10.399999999990541, 9.299999999991542, 10.49999999999045, 9.799999999991087, 9.899999999990996, 8.39999999999236, 9.999999999990905, 9.799999999991087, 10.49999999999045], "time_to_first_spike": [5.400000000071373]}