{"all_ISI_values": [16.000000000003638, 35.70000000000812, 22.200000000005048, 28.700000000006526, 20.000000000004547, 24.10000000000548, 21.100000000004798, 26.30000000000598, 19.100000000004343, 22.70000000000516, 19.800000000004502, 18.100000000004115, 19.600000000004457, 21.000000000004775, 21.899999999998386, 18.599999999983083, 20.799999999981083, 20.499999999981355, 22.699999999979354, 16.79999999998472, 21.899999999980082, 17.399999999984175, 21.599999999980355, 17.79999999998381, 20.09999999998172, 21.599999999980355, 16.89999999998463, 19.599999999982174, 22.499999999979536, 22.19999999997981, 19.599999999982174, 21.599999999980355, 20.599999999981264, 22.0999999999799, 19.09999999998263, 18.099999999983538, 18.499999999983174, 21.599999999980355, 18.699999999982992, 22.499999999979536, 16.599999999984902, 21.299999999980628, 14.899999999986449, 20.399999999981446], "time_to_first_spike": [83.20000000008906]}