{"all_ISI_values": [19.500000000004434, 11.100000000002524, 10.700000000002433, 10.20000000000232, 11.100000000002524, 10.300000000002342, 10.800000000002456, 10.20000000000232, 9.800000000002228, 10.500000000002387, 10.000000000002274, 9.800000000002228, 10.60000000000241, 9.700000000002206, 9.600000000002183, 10.300000000002342, 9.900000000002251, 9.300000000002115, 9.300000000002115, 9.900000000002251, 9.50000000000216, 9.300000000002115, 9.200000000002092, 10.300000000002342, 9.600000000002183, 9.50000000000216, 9.800000000002228, 9.400000000002137, 9.600000000002183, 9.000000000002046, 9.100000000002069, 8.900000000002024, 9.200000000002092, 9.100000000002069, 8.900000000002024, 9.600000000002183, 9.000000000002046, 8.800000000002001, 9.200000000002092, 8.500000000001933, 8.799999999999045, 8.999999999991815, 8.999999999991815, 8.899999999991905, 8.39999999999236, 8.699999999992087, 8.999999999991815, 8.599999999992178, 8.799999999991996, 9.199999999991633, 8.799999999991996, 7.999999999992724, 8.699999999992087, 8.299999999992451, 8.49999999999227, 8.49999999999227, 8.599999999992178, 8.199999999992542, 8.099999999992633, 8.199999999992542, 8.49999999999227, 8.199999999992542, 7.899999999992815, 8.49999999999227, 8.599999999992178, 8.199999999992542, 8.199999999992542, 8.299999999992451, 8.599999999992178, 8.39999999999236, 8.299999999992451, 8.199999999992542, 7.999999999992724, 8.39999999999236, 7.899999999992815, 8.199999999992542, 8.299999999992451, 8.299999999992451, 8.199999999992542, 8.099999999992633, 7.699999999992997, 8.299999999992451, 8.599999999992178, 8.39999999999236, 8.299999999992451, 8.299999999992451, 7.999999999992724, 7.699999999992997, 7.899999999992815, 7.39999999999327, 6.799999999993815, 7.799999999992906, 8.199999999992542, 7.999999999992724, 8.199999999992542, 7.799999999992906, 8.39999999999236, 7.499999999993179, 8.39999999999236, 8.199999999992542, 8.099999999992633, 7.899999999992815, 7.799999999992906, 8.199999999992542, 7.899999999992815, 7.499999999993179, 6.9999999999936335, 8.299999999992451, 8.299999999992451, 7.499999999993179, 8.099999999992633, 8.099999999992633], "time_to_first_spike": [9.400000000072282]}