{"all_ISI_values": [153.4999999999203, 116.39999999989413, 49.099999999955344, 108.39999999990141, 52.49999999995225, 80.99999999992633], "time_to_first_spike": [361.0000000001522]}