{"all_ISI_values": [12.900000000002933, 21.20000000000482, 13.100000000002979, 11.70000000000266, 15.900000000003615, 16.80000000000382, 13.300000000003024, 11.400000000002592, 10.700000000002433, 14.000000000003183, 13.000000000002956, 14.000000000003183, 13.50000000000307, 13.200000000003001, 13.300000000003024, 11.600000000002638, 14.100000000003206, 12.40000000000282, 12.700000000002888, 12.40000000000282, 11.600000000002638, 11.600000000002638, 11.500000000002615, 12.600000000002865, 11.30000000000257, 12.000000000002728, 11.900000000002706, 11.699999999994247, 11.899999999989177, 11.59999999998945, 12.399999999988722, 11.999999999989086, 11.59999999998945, 11.59999999998945, 12.59999999998854, 11.999999999989086, 11.699999999989359, 12.099999999988995, 11.299999999989723, 11.49999999998954, 11.999999999989086, 12.799999999988358, 12.69999999998845, 11.299999999989723, 11.49999999998954, 11.999999999989086, 11.899999999989177, 11.699999999989359, 12.199999999988904, 11.899999999989177, 10.999999999989996, 11.799999999989268, 11.59999999998945, 12.199999999988904, 12.099999999988995, 12.199999999988904, 12.099999999988995, 11.399999999989632, 12.399999999988722, 11.59999999998945, 11.699999999989359, 11.49999999998954, 11.399999999989632, 11.699999999989359, 11.199999999989814, 11.59999999998945, 11.099999999989905, 11.699999999989359, 11.299999999989723, 12.399999999988722, 11.399999999989632, 11.699999999989359, 12.999999999988177, 11.49999999998954, 12.399999999988722, 12.199999999988904], "time_to_first_spike": [55.70000000008281]}