{"all_ISI_values": [11.30000000000257, 14.800000000003365, 14.400000000003274, 11.500000000002615, 11.500000000002615, 11.400000000002592, 9.800000000002228, 11.600000000002638, 12.100000000002751, 11.400000000002592, 11.400000000002592, 10.400000000002365, 10.500000000002387, 9.700000000002206, 11.400000000002592, 10.400000000002365, 11.30000000000257, 11.100000000002524, 11.000000000002501, 11.100000000002524, 10.60000000000241, 11.100000000002524, 10.20000000000232, 10.700000000002433, 10.20000000000232, 10.400000000002365, 10.300000000002342, 10.20000000000232, 10.800000000002456, 10.000000000002274, 9.800000000002228, 10.300000000002342, 9.200000000002092, 10.300000000002342, 11.200000000002547, 10.10000000000025, 10.099999999990814, 10.799999999990177, 9.699999999991178, 9.799999999991087, 9.599999999991269, 10.299999999990632, 9.899999999990996, 9.299999999991542, 9.299999999991542, 9.899999999990996, 9.199999999991633, 9.899999999990996, 9.39999999999145, 9.099999999991724, 9.39999999999145, 9.49999999999136, 9.099999999991724, 9.49999999999136, 9.49999999999136, 9.39999999999145, 9.299999999991542, 8.999999999991815, 8.799999999991996, 9.599999999991269, 8.699999999992087, 9.299999999991542, 8.999999999991815, 8.999999999991815, 9.299999999991542, 9.799999999991087, 8.599999999992178, 8.899999999991905, 9.39999999999145, 9.199999999991633, 9.099999999991724, 8.899999999991905, 9.39999999999145, 8.899999999991905, 9.299999999991542, 9.099999999991724, 9.799999999991087, 9.39999999999145, 8.799999999991996, 8.999999999991815, 9.299999999991542, 8.799999999991996, 8.999999999991815, 9.699999999991178, 9.199999999991633, 8.999999999991815, 9.099999999991724, 9.299999999991542, 9.299999999991542, 9.599999999991269, 9.49999999999136, 8.999999999991815, 8.699999999992087, 8.999999999991815, 8.899999999991905, 9.199999999991633, 8.799999999991996, 9.199999999991633], "time_to_first_spike": [22.000000000075147]}