{"all_ISI_values": [53.00000000001205, 25.400000000005775, 37.00000000000841, 34.70000000000789, 28.000000000006366, 38.00000000000864, 29.400000000006685, 36.69999999998436, 22.29999999997972, 24.09999999997808, 27.699999999974807, 23.29999999997881, 32.99999999996999, 27.19999999997526, 24.799999999977445, 27.39999999997508, 22.799999999979264, 20.599999999981264, 17.299999999984266, 32.099999999970805, 20.9999999999809, 42.799999999961074, 28.59999999997399, 28.29999999997426, 26.899999999975535, 29.299999999973352, 26.39999999997599, 23.1999999999789, 18.399999999983265], "time_to_first_spike": [152.60000000010484]}