{"all_ISI_values": [16.40000000000373, 22.900000000005207, 16.300000000003706, 13.400000000003047, 22.100000000005025, 16.50000000000375, 18.100000000004115, 20.700000000004707, 16.600000000003774, 14.500000000003297, 15.70000000000357, 17.400000000003956, 16.700000000003797, 17.100000000003888, 15.500000000003524, 15.500000000003524, 19.600000000004457, 15.100000000003433, 12.700000000002888, 15.600000000003547, 15.600000000003547, 14.899999999992588, 14.69999999998663, 13.59999999998763, 16.399999999985084, 13.899999999987358, 10.699999999990268, 15.999999999985448, 15.599999999985812, 14.099999999987176, 15.499999999985903, 12.499999999988631, 16.499999999984993, 15.599999999985812, 14.899999999986449, 14.199999999987085, 13.59999999998763, 15.099999999986267, 15.099999999986267, 15.199999999986176, 13.799999999987449, 14.69999999998663, 12.59999999998854, 14.199999999987085, 13.59999999998763, 14.499999999986812, 14.499999999986812, 14.79999999998654, 13.399999999987813, 14.499999999986812, 14.499999999986812, 15.199999999986176, 15.79999999998563, 14.199999999987085, 13.899999999987358, 11.899999999989177, 14.299999999986994, 13.69999999998754, 15.599999999985812, 14.499999999986812, 14.79999999998654, 13.099999999988086], "time_to_first_spike": [54.30000000008249]}