{"all_ISI_values": [11.70000000000266, 10.000000000002274, 12.300000000002797, 12.200000000002774, 10.700000000002433, 11.500000000002615, 9.600000000002183, 10.800000000002456, 9.700000000002206, 12.500000000002842, 9.800000000002228, 9.800000000002228, 9.800000000002228, 10.700000000002433, 10.100000000002296, 10.000000000002274, 9.100000000002069, 10.000000000002274, 10.300000000002342, 9.700000000002206, 9.700000000002206, 9.400000000002137, 10.700000000002433, 9.600000000002183, 10.400000000002365, 10.700000000002433, 9.900000000002251, 9.900000000002251, 9.400000000002137, 10.500000000002387, 9.900000000002251, 10.000000000002274, 9.200000000002092, 10.000000000002274, 9.400000000002137, 9.50000000000216, 9.699999999996749, 9.599999999991269, 9.599999999991269, 9.49999999999136, 9.39999999999145, 9.799999999991087, 9.799999999991087, 9.299999999991542, 9.39999999999145, 10.199999999990723, 7.899999999992815, 8.899999999991905, 9.199999999991633, 9.599999999991269, 10.59999999999036, 9.699999999991178, 9.49999999999136, 8.699999999992087, 9.599999999991269, 9.299999999991542, 9.49999999999136, 8.699999999992087, 9.199999999991633, 8.999999999991815, 9.899999999990996, 9.299999999991542, 9.699999999991178, 8.999999999991815, 8.799999999991996, 9.299999999991542, 9.299999999991542, 9.39999999999145, 8.599999999992178, 8.899999999991905, 9.49999999999136, 8.799999999991996, 7.999999999992724, 9.299999999991542, 8.999999999991815, 8.999999999991815, 8.799999999991996, 8.699999999992087, 8.999999999991815, 9.49999999999136, 8.49999999999227, 9.599999999991269, 8.799999999991996, 9.099999999991724, 8.899999999991905, 9.49999999999136, 9.699999999991178, 9.099999999991724, 9.799999999991087, 9.899999999990996, 9.299999999991542, 9.299999999991542, 9.799999999991087, 8.699999999992087, 8.999999999991815, 9.799999999991087, 8.899999999991905, 8.699999999992087, 9.299999999991542], "time_to_first_spike": [40.30000000007931]}