{"all_ISI_values": [13.400000000003047, 54.300000000012346, 6.900000000001569, 24.90000000000566, 25.90000000000589, 17.90000000000407, 14.60000000000332, 11.600000000002638, 13.800000000003138, 9.600000000002183, 18.800000000004275, 19.100000000004343, 12.000000000002728, 10.400000000002365, 15.900000000003615, 16.000000000003638, 23.500000000005343, 16.10000000000366, 14.000000000003183, 16.200000000003683, 8.800000000002001, 16.200000000003683, 16.40000000000373, 14.699999999996407, 14.399999999986903, 9.699999999991178, 11.49999999998954, 16.099999999985357, 12.999999999988177, 15.399999999985994, 13.299999999987904, 14.899999999986449, 14.299999999986994, 9.699999999991178, 14.999999999986358, 15.899999999985539, 10.699999999990268, 14.199999999987085, 14.399999999986903, 16.299999999985175, 15.099999999986267, 13.099999999988086, 11.199999999989814, 17.499999999984084, 13.399999999987813, 15.199999999986176, 13.399999999987813, 16.099999999985357, 15.899999999985539, 9.999999999990905, 15.999999999985448, 14.399999999986903, 14.499999999986812, 14.999999999986358, 15.899999999985539, 12.999999999988177, 16.099999999985357, 13.199999999987995, 10.999999999989996, 16.99999999998454, 14.599999999986721, 14.79999999998654, 12.499999999988631, 10.999999999989996, 15.79999999998563], "time_to_first_spike": [8.800000000072146]}