{"all_ISI_values": [9.50000000000216, 10.20000000000232, 8.40000000000191, 9.50000000000216, 10.100000000002296, 8.600000000001955, 8.900000000002024, 9.100000000002069, 8.900000000002024, 9.600000000002183, 9.100000000002069, 8.900000000002024, 8.700000000001978, 8.700000000001978, 9.300000000002115, 8.600000000001955, 8.500000000001933, 8.40000000000191, 8.000000000001819, 8.500000000001933, 9.200000000002092, 8.700000000001978, 8.100000000001842, 8.500000000001933, 8.500000000001933, 8.500000000001933, 8.000000000001819, 8.300000000001887, 8.200000000001864, 7.900000000001796, 8.200000000001864, 7.8000000000017735, 8.500000000001933, 8.40000000000191, 8.300000000001887, 8.100000000001842, 7.400000000001683, 8.300000000001887, 8.000000000001819, 8.300000000001887, 7.500000000001705, 8.500000000001933, 7.8000000000017735, 7.8000000000017735, 7.900000000001796, 7.899999999994748, 7.999999999992724, 7.799999999992906, 7.899999999992815, 7.999999999992724, 7.499999999993179, 7.599999999993088, 7.999999999992724, 8.199999999992542, 7.899999999992815, 8.099999999992633, 7.39999999999327, 7.499999999993179, 7.599999999993088, 7.699999999992997, 7.599999999993088, 7.799999999992906, 7.899999999992815, 7.799999999992906, 7.799999999992906, 7.699999999992997, 8.299999999992451, 7.899999999992815, 7.499999999993179, 8.099999999992633, 7.39999999999327, 7.599999999993088, 7.999999999992724, 7.699999999992997, 7.599999999993088, 7.899999999992815, 7.299999999993361, 7.499999999993179, 7.299999999993361, 7.599999999993088, 7.099999999993543, 7.39999999999327, 7.299999999993361, 7.299999999993361, 7.599999999993088, 7.599999999993088, 7.299999999993361, 7.699999999992997, 7.39999999999327, 7.499999999993179, 7.39999999999327, 7.499999999993179, 7.699999999992997, 7.599999999993088, 7.699999999992997, 7.799999999992906, 7.39999999999327, 7.699999999992997, 7.799999999992906, 7.799999999992906, 7.699999999992997, 7.899999999992815, 7.499999999993179, 7.599999999993088, 7.599999999993088, 7.499999999993179, 6.9999999999936335, 7.499999999993179, 7.499999999993179, 7.299999999993361, 7.199999999993452, 7.899999999992815, 7.39999999999327, 7.299999999993361, 7.39999999999327, 7.699999999992997, 7.499999999993179, 7.499999999993179, 7.699999999992997, 7.599999999993088, 7.999999999992724, 7.499999999993179], "time_to_first_spike": [27.800000000076466]}