{"all_ISI_values": [17.600000000004002, 20.000000000004547, 16.80000000000382, 22.200000000005048, 17.50000000000398, 15.800000000003593, 17.100000000003888, 17.300000000003934, 16.10000000000366, 14.700000000003342, 15.600000000003547, 17.90000000000407, 17.100000000003888, 16.80000000000382, 17.600000000004002, 15.00000000000341, 15.800000000003593, 14.700000000003342, 14.400000000003274, 14.800000000003365, 14.200000000003229, 13.900000000002592, 13.999999999987267, 11.999999999989086, 13.69999999998754, 13.099999999988086, 14.099999999987176, 13.59999999998763, 12.899999999988268, 12.999999999988177, 12.59999999998854, 13.299999999987904, 13.199999999987995, 13.199999999987995, 12.899999999988268, 13.099999999988086, 12.999999999988177, 12.899999999988268, 12.799999999988358, 12.099999999988995, 12.499999999988631, 12.59999999998854, 12.799999999988358, 13.199999999987995, 12.399999999988722, 12.999999999988177, 12.299999999988813, 12.59999999998854, 12.499999999988631, 11.099999999989905, 11.999999999989086, 11.999999999989086, 12.799999999988358, 12.399999999988722, 12.59999999998854, 12.59999999998854, 11.899999999989177, 12.199999999988904, 11.799999999989268, 11.299999999989723, 12.299999999988813, 12.799999999988358, 12.099999999988995, 12.499999999988631, 12.899999999988268, 12.59999999998854, 12.499999999988631, 12.399999999988722], "time_to_first_spike": [51.30000000008181]}