{"all_ISI_values": [125.79999999988559, 29.299999999973352, 58.19999999994707, 70.39999999993597, 27.999999999974534, 47.29999999995698, 51.199999999953434, 28.39999999997417, 60.7999999999447, 33.59999999996944], "time_to_first_spike": [422.2000000001565]}