{"all_ISI_values": [13.100000000002979, 15.300000000003479, 17.50000000000398, 12.80000000000291, 15.00000000000341, 13.200000000003001, 12.100000000002751, 12.200000000002774, 14.300000000003251, 13.200000000003001, 12.40000000000282, 13.600000000003092, 12.200000000002774, 12.600000000002865, 13.100000000002979, 12.600000000002865, 12.300000000002797, 12.200000000002774, 13.400000000003047, 12.500000000002842, 11.900000000002706, 11.70000000000266, 11.70000000000266, 12.300000000002797, 11.100000000002524, 12.000000000002728, 12.40000000000282, 11.900000000002706, 11.800000000002683, 11.699999999991746, 11.299999999989723, 12.799999999988358, 11.699999999989359, 11.299999999989723, 11.699999999989359, 11.699999999989359, 11.699999999989359, 10.299999999990632, 12.69999999998845, 11.59999999998945, 10.899999999990087, 12.499999999988631, 11.099999999989905, 11.49999999998954, 11.099999999989905, 11.799999999989268, 11.399999999989632, 11.59999999998945, 11.59999999998945, 10.999999999989996, 11.299999999989723, 11.799999999989268, 10.899999999990087, 11.799999999989268, 11.49999999998954, 11.49999999998954, 10.999999999989996, 9.999999999990905, 11.699999999989359, 10.999999999989996, 10.999999999989996, 10.59999999999036, 11.199999999989814, 11.699999999989359, 10.099999999990814, 11.299999999989723, 11.199999999989814, 10.799999999990177, 11.299999999989723, 10.999999999989996, 10.899999999990087, 11.299999999989723, 10.59999999999036, 11.59999999998945, 10.799999999990177, 10.699999999990268, 10.899999999990087, 10.799999999990177, 11.199999999989814, 11.49999999998954, 10.999999999989996], "time_to_first_spike": [39.20000000007906]}