{"all_ISI_values": [16.000000000003638, 39.80000000000905, 14.700000000003342, 19.00000000000432, 15.300000000003479, 14.100000000003206, 26.400000000006003, 14.900000000003388, 13.300000000003024, 15.300000000003479, 18.800000000004275, 17.20000000000391, 15.600000000003547, 14.800000000003365, 16.000000000003638, 14.100000000003206, 14.900000000003388, 15.300000000003479, 16.69999999998936, 13.799999999987449, 14.299999999986994, 15.79999999998563, 13.999999999987267, 15.299999999986085, 16.89999999998463, 15.899999999985539, 16.69999999998481, 17.299999999984266, 14.599999999986721, 13.099999999988086, 14.69999999998663, 15.199999999986176, 12.099999999988995, 15.499999999985903, 18.299999999983356, 20.699999999981173, 13.899999999987358, 16.79999999998472, 15.299999999986085, 16.199999999985266, 14.999999999986358, 14.69999999998663, 16.199999999985266, 15.999999999985448, 15.299999999986085, 16.89999999998463, 17.399999999984175, 15.699999999985721, 15.999999999985448, 14.399999999986903, 15.099999999986267, 15.499999999985903, 14.999999999986358, 15.499999999985903, 15.399999999985994], "time_to_first_spike": [94.20000000009156]}