{"all_ISI_values": [9.50000000000216, 9.800000000002228, 9.800000000002228, 9.600000000002183, 9.300000000002115, 9.700000000002206, 9.800000000002228, 8.700000000001978, 8.800000000002001, 9.600000000002183, 9.700000000002206, 9.400000000002137, 8.900000000002024, 9.100000000002069, 8.600000000001955, 9.100000000002069, 8.600000000001955, 8.800000000002001, 8.700000000001978, 8.900000000002024, 8.300000000001887, 8.300000000001887, 8.800000000002001, 8.600000000001955, 8.300000000001887, 8.800000000002001, 8.40000000000191, 8.500000000001933, 7.900000000001796, 8.200000000001864, 8.600000000001955, 8.200000000001864, 8.500000000001933, 8.600000000001955, 8.200000000001864, 8.600000000001955, 8.500000000001933, 7.900000000001796, 8.500000000001933, 8.200000000001864, 8.200000000001864, 8.200000000001864, 8.40000000000191, 8.200000000001864, 8.200000000001864, 8.200000000001864, 8.299999999999955, 7.499999999993179, 8.199999999992542, 7.799999999992906, 7.899999999992815, 7.899999999992815, 8.099999999992633, 8.39999999999236, 7.899999999992815, 7.599999999993088, 8.199999999992542, 7.999999999992724, 7.799999999992906, 8.199999999992542, 7.999999999992724, 7.999999999992724, 8.299999999992451, 7.999999999992724, 7.799999999992906, 7.999999999992724, 8.199999999992542, 7.899999999992815, 7.899999999992815, 7.999999999992724, 8.099999999992633, 7.899999999992815, 7.599999999993088, 8.099999999992633, 8.099999999992633, 7.899999999992815, 8.099999999992633, 7.299999999993361, 7.799999999992906, 7.599999999993088, 7.599999999993088, 7.39999999999327, 7.899999999992815, 7.799999999992906, 7.899999999992815, 7.39999999999327, 7.599999999993088, 7.799999999992906, 7.39999999999327, 7.599999999993088, 7.599999999993088, 7.699999999992997, 8.099999999992633, 7.899999999992815, 7.499999999993179, 7.599999999993088, 7.799999999992906, 7.899999999992815, 7.599999999993088, 7.999999999992724, 7.999999999992724, 8.199999999992542, 8.199999999992542, 7.899999999992815, 7.999999999992724, 7.599999999993088, 7.599999999993088, 8.099999999992633, 7.39999999999327, 7.599999999993088, 7.599999999993088, 8.099999999992633, 7.39999999999327, 7.699999999992997, 7.799999999992906, 7.499999999993179, 7.699999999992997, 7.39999999999327, 7.899999999992815, 7.999999999992724, 8.099999999992633], "time_to_first_spike": [5.400000000071373]}