{"all_ISI_values": [34.60000000000787, 13.90000000000316, 11.400000000002592, 7.600000000001728, 20.000000000004547, 13.50000000000307, 18.200000000004138, 12.900000000002933, 14.700000000003342, 12.40000000000282, 13.400000000003047, 12.80000000000291, 14.000000000003183, 13.50000000000307, 13.50000000000307, 12.700000000002888, 12.200000000002774, 14.700000000003342, 12.700000000002888, 14.700000000003342, 13.100000000002979, 12.700000000002888, 12.100000000002751, 12.700000000002888, 13.200000000003001, 12.700000000002888, 13.000000000002956, 11.600000000002638, 12.900000000001683, 10.199999999990723, 11.49999999998954, 12.69999999998845, 12.499999999988631, 11.899999999989177, 11.59999999998945, 4.19999999999618, 13.199999999987995, 11.399999999989632, 11.59999999998945, 9.999999999990905, 12.799999999988358, 11.49999999998954, 12.799999999988358, 11.399999999989632, 11.399999999989632, 11.699999999989359, 11.799999999989268, 7.699999999992997, 11.199999999989814, 11.199999999989814, 11.59999999998945, 12.899999999988268, 11.799999999989268, 11.799999999989268, 11.799999999989268, 12.499999999988631, 12.199999999988904, 11.49999999998954, 9.599999999991269, 12.299999999988813, 11.199999999989814, 11.199999999989814, 11.099999999989905, 12.399999999988722, 12.199999999988904, 11.699999999989359, 11.299999999989723, 9.299999999991542, 11.59999999998945, 10.799999999990177, 11.799999999989268, 12.399999999988722, 11.49999999998954, 12.999999999988177, 11.099999999989905, 10.999999999989996, 11.999999999989086, 10.299999999990632, 12.099999999988995, 12.59999999998854], "time_to_first_spike": [7.400000000071827]}