{"all_ISI_values": [563.1999999996222], "time_to_first_spike": [295.50000000013733]}