{"all_ISI_values": [12.40000000000282, 11.600000000002638, 10.900000000002478, 10.500000000002387, 10.700000000002433, 10.800000000002456, 10.800000000002456, 10.500000000002387, 9.50000000000216, 10.800000000002456, 10.500000000002387, 9.900000000002251, 10.000000000002274, 10.100000000002296, 10.100000000002296, 10.20000000000232, 10.20000000000232, 10.300000000002342, 8.900000000002024, 9.300000000002115, 9.400000000002137, 8.800000000002001, 9.700000000002206, 9.600000000002183, 9.50000000000216, 9.700000000002206, 8.40000000000191, 10.300000000002342, 8.900000000002024, 9.600000000002183, 9.300000000002115, 9.50000000000216, 9.100000000002069, 9.300000000002115, 9.600000000002183, 9.800000000002228, 9.50000000000216, 8.800000000002001, 8.600000000001955, 8.900000000002024, 8.800000000002001, 8.69999999999527, 9.099999999991724, 8.099999999992633, 9.099999999991724, 9.39999999999145, 9.099999999991724, 8.099999999992633, 9.39999999999145, 8.999999999991815, 8.799999999991996, 8.299999999992451, 8.999999999991815, 8.899999999991905, 8.899999999991905, 8.999999999991815, 8.799999999991996, 8.699999999992087, 8.999999999991815, 8.899999999991905, 8.899999999991905, 8.799999999991996, 8.799999999991996, 8.49999999999227, 8.999999999991815, 8.799999999991996, 8.49999999999227, 8.699999999992087, 8.799999999991996, 8.799999999991996, 8.49999999999227, 8.099999999992633, 8.699999999992087, 8.699999999992087, 8.599999999992178, 8.39999999999236, 8.199999999992542, 8.39999999999236, 8.899999999991905, 8.299999999992451, 8.39999999999236, 8.199999999992542, 8.599999999992178, 8.299999999992451, 8.39999999999236, 8.49999999999227, 8.099999999992633, 8.599999999992178, 8.099999999992633, 8.099999999992633, 8.39999999999236, 8.49999999999227, 8.899999999991905, 7.999999999992724, 7.999999999992724, 8.599999999992178, 8.49999999999227, 8.699999999992087, 8.49999999999227, 8.099999999992633, 8.099999999992633, 8.299999999992451, 8.199999999992542, 7.899999999992815, 8.199999999992542, 7.999999999992724, 8.299999999992451, 8.199999999992542, 8.699999999992087], "time_to_first_spike": [7.800000000071918]}