{"all_ISI_values": [18.800000000004275, 9.100000000002069, 12.100000000002751, 8.100000000001842, 12.000000000002728, 11.400000000002592, 11.800000000002683, 9.50000000000216, 10.500000000002387, 11.200000000002547, 11.100000000002524, 9.50000000000216, 9.700000000002206, 10.20000000000232, 10.100000000002296, 9.400000000002137, 10.60000000000241, 8.900000000002024, 8.100000000001842, 9.50000000000216, 8.600000000001955, 10.000000000002274, 8.800000000002001, 10.20000000000232, 9.50000000000216, 8.700000000001978, 9.700000000002206, 9.300000000002115, 9.400000000002137, 9.50000000000216, 9.200000000002092, 9.600000000002183, 9.000000000002046, 9.000000000002046, 9.200000000002092, 9.900000000002251, 8.40000000000191, 8.700000000001978, 9.400000000002137, 8.40000000000191, 8.600000000001955, 9.199999999997544, 8.49999999999227, 8.799999999991996, 9.599999999991269, 8.39999999999236, 8.999999999991815, 8.899999999991905, 8.899999999991905, 9.599999999991269, 9.39999999999145, 8.599999999992178, 6.599999999993997, 9.699999999991178, 9.49999999999136, 7.599999999993088, 9.199999999991633, 9.099999999991724, 9.799999999991087, 9.099999999991724, 8.699999999992087, 7.499999999993179, 8.699999999992087, 8.599999999992178, 8.799999999991996, 7.999999999992724, 8.699999999992087, 8.899999999991905, 8.699999999992087, 7.799999999992906, 7.999999999992724, 8.799999999991996, 8.699999999992087, 5.799999999994725, 9.49999999999136, 8.099999999992633, 8.49999999999227, 9.49999999999136, 9.099999999991724, 8.599999999992178, 6.499999999994088, 8.899999999991905, 8.999999999991815, 8.799999999991996, 8.49999999999227, 8.899999999991905, 8.599999999992178, 8.799999999991996, 8.999999999991815, 8.39999999999236, 8.699999999992087, 8.899999999991905, 7.999999999992724, 8.39999999999236, 7.099999999993543, 8.899999999991905, 8.799999999991996, 8.49999999999227, 8.299999999992451, 8.899999999991905, 8.099999999992633, 8.999999999991815, 8.699999999992087, 8.199999999992542, 9.199999999991633, 6.8999999999937245, 9.199999999991633, 8.299999999992451, 8.39999999999236], "time_to_first_spike": [3.800000000071009]}