{"all_ISI_values": [49.00000000001114, 23.300000000005298, 20.900000000004752, 25.400000000005775, 11.70000000000266, 33.30000000000757, 21.400000000004866, 19.800000000004502, 20.600000000004684, 28.90000000000657, 19.00000000000432, 20.50000000000466, 20.200000000004593, 22.60000000000514, 20.10000000000457, 21.799999999997, 16.499999999984993, 20.499999999981355, 14.499999999986812, 11.59999999998945, 12.299999999988813, 18.99999999998272, 19.299999999982447, 22.899999999979173, 25.899999999976444, 24.499999999977717, 19.99999999998181, 18.099999999983538, 15.699999999985721, 20.599999999981264, 19.399999999982356, 20.699999999981173, 10.59999999999036, 22.19999999997981, 19.09999999998263, 15.599999999985812, 12.59999999998854, 19.699999999982083, 21.99999999997999, 18.99999999998272, 19.299999999982447, 19.699999999982083, 18.099999999983538, 21.299999999980628, 17.199999999984357, 18.299999999983356, 19.99999999998181], "time_to_first_spike": [42.20000000007974]}