{"all_ISI_values": [12.500000000002842, 11.200000000002547, 9.400000000002137, 9.100000000002069, 9.900000000002251, 9.900000000002251, 8.600000000001955, 9.400000000002137, 8.000000000001819, 9.000000000002046, 9.300000000002115, 8.700000000001978, 8.900000000002024, 8.600000000001955, 8.200000000001864, 9.100000000002069, 8.700000000001978, 7.900000000001796, 8.600000000001955, 8.500000000001933, 8.800000000002001, 7.500000000001705, 8.500000000001933, 8.700000000001978, 8.600000000001955, 8.300000000001887, 8.000000000001819, 7.900000000001796, 8.500000000001933, 8.40000000000191, 8.200000000001864, 8.100000000001842, 8.200000000001864, 8.000000000001819, 8.000000000001819, 8.200000000001864, 8.500000000001933, 8.200000000001864, 8.200000000001864, 7.8000000000017735, 7.8000000000017735, 7.500000000001705, 7.500000000001705, 8.000000000001819, 7.200000000001637, 8.000000000001819, 7.8000000000017735, 8.399999999997817, 7.699999999992997, 7.699999999992997, 7.799999999992906, 7.199999999993452, 7.799999999992906, 7.999999999992724, 7.39999999999327, 7.699999999992997, 7.699999999992997, 7.199999999993452, 7.599999999993088, 7.599999999993088, 7.39999999999327, 7.999999999992724, 7.099999999993543, 7.699999999992997, 7.499999999993179, 7.499999999993179, 7.099999999993543, 7.599999999993088, 7.499999999993179, 7.39999999999327, 7.599999999993088, 7.699999999992997, 7.599999999993088, 7.099999999993543, 7.999999999992724, 7.499999999993179, 7.39999999999327, 7.39999999999327, 7.099999999993543, 7.299999999993361, 7.39999999999327, 7.39999999999327, 7.299999999993361, 7.599999999993088, 7.299999999993361, 7.499999999993179, 7.099999999993543, 7.299999999993361, 7.099999999993543, 7.599999999993088, 7.299999999993361, 6.9999999999936335, 6.599999999993997, 7.199999999993452, 6.799999999993815, 7.099999999993543, 6.499999999994088, 7.39999999999327, 6.699999999993906, 7.099999999993543, 7.299999999993361, 7.099999999993543, 7.699999999992997, 6.9999999999936335, 7.199999999993452, 6.9999999999936335, 7.299999999993361, 6.699999999993906, 7.199999999993452, 7.39999999999327, 6.8999999999937245, 7.299999999993361, 7.099999999993543, 6.599999999993997, 6.499999999994088, 6.8999999999937245, 6.799999999993815, 6.9999999999936335, 6.9999999999936335, 6.9999999999936335, 6.799999999993815, 6.9999999999936335, 7.499999999993179, 7.199999999993452, 6.8999999999937245, 6.9999999999936335, 6.8999999999937245, 7.099999999993543], "time_to_first_spike": [7.000000000071736]}