{"all_ISI_values": [67.19999999993888, 40.8999999999628, 89.59999999991851, 25.799999999976535, 91.99999999991633, 24.39999999997781, 61.699999999943884, 28.29999999997426, 32.29999999997062, 28.199999999974352], "time_to_first_spike": [505.200000000081]}