{"all_ISI_values": [80.5000000000183, 20.900000000004752, 37.30000000000848, 11.000000000002501, 47.300000000010755, 19.40000000000441, 22.999999999982606, 29.999999999972715, 21.799999999980173, 21.09999999998081, 19.99999999998181, 16.299999999985175, 23.499999999978627, 24.999999999977263, 22.399999999979627, 23.499999999978627, 22.699999999979354, 17.699999999983902, 18.499999999983174, 26.39999999997599, 18.7999999999829, 19.599999999982174, 22.29999999997972, 22.19999999997981, 22.899999999979173, 18.599999999983083, 22.99999999997908, 18.399999999983265, 24.19999999997799, 20.399999999981446, 17.79999999998381, 24.499999999977717, 21.399999999980537], "time_to_first_spike": [194.2000000001143]}