{"all_ISI_values": [8.7999999999995, 13.299999999999244, 39.40000000000242, 8.300000000001887, 11.500000000002615, 14.100000000003206, 11.900000000002706, 10.400000000002365, 10.60000000000241, 12.000000000002728, 9.50000000000216, 10.300000000002342, 12.40000000000282, 12.000000000002728, 9.900000000002251, 9.900000000002251, 10.000000000002274, 9.50000000000216, 9.100000000002069, 10.60000000000241, 11.100000000002524, 11.000000000002501, 10.60000000000241, 10.300000000002342, 11.200000000002547, 10.200000000002262, 9.000000000002046, 9.50000000000216, 10.500000000002387, 10.20000000000232, 9.800000000002228, 10.500000000002387, 10.20000000000232, 9.600000000002183, 8.300000000001887, 10.000000000002274, 10.000000000002274, 10.20000000000232, 10.700000000002433, 9.200000000002092, 10.000000000002274, 9.200000000002092, 9.000000000002046, 9.000000000002046, 9.300000000002115, 9.200000000002092, 9.700000000002206, 8.700000000001978, 9.50000000000216, 9.600000000002183, 10.500000000002387, 10.800000000002456, 10.300000000002342, 9.600000000002183, 8.800000000002001, 8.800000000002001, 9.200000000002092, 10.400000000002365, 6.900000000001569, 9.700000000002206, 9.800000000002228, 7.100000000001614, 9.50000000000216, 10.500000000002387, 9.400000000002137, 10.800000000002456, 9.900000000002251, 8.300000000001887, 10.100000000002296, 10.000000000002274, 9.50000000000216, 10.000000000002274, 9.700000000002206, 9.700000000002206, 9.100000000002069, 9.100000000002069, 9.600000000002183, 8.300000000001887, 9.100000000001614, 8.799999999991996, 10.899999999990087, 9.39999999999145, 10.49999999999045, 10.299999999990632, 12.199999999988904, 11.399999999989632, 9.899999999990996, 13.69999999998754], "time_to_first_spike": [87.4499999999923]}