{"all_ISI_values": [35.300000000008026, 25.10000000000565, 12.700000000002888, 10.900000000002478, 46.30000000001053, 71.20000000001619, 10.900000000002478, 17.800000000004047, 31.200000000007094, 16.50000000000375, 16.000000000003638, 18.400000000004184, 14.500000000003297, 19.30000000000439, 16.200000000003683, 17.400000000003956, 21.90000000000498, 39.20000000000891, 18.700000000004252, 11.900000000002706, 19.500000000004434, 22.70000000000516, 35.10000000000798, 22.099999999989222, 13.099999999988086, 28.59999999997399, 19.299999999982447, 13.69999999998754], "time_to_first_spike": [343.4500000000377]}