{"d180601_01": [0.12156862745098039, 0.4666666666666667, 0.7058823529411765, 1.0], "d190218_01": [0.17254901960784313, 0.6274509803921569, 0.17254901960784313, 1.0], "r180605_03": [0.5803921568627451, 0.403921568627451, 0.7411764705882353, 1.0], "r190218_02": [0.8901960784313725, 0.4666666666666667, 0.7607843137254902, 1.0], "r190531_02": [0.7372549019607844, 0.7411764705882353, 0.13333333333333333, 1.0], "r190531_04": [0.09019607843137255, 0.7450980392156863, 0.8117647058823529, 1.0]}