{"HH180618_0001": [0.23915, 0.20833, 0.54686, 1.0], "HH0804220AB": [0.12151, 0.78896, 0.86581, 1.0], "HH0805130AP": [0.63323, 0.99195, 0.23937, 1.0], "HH0805230AI": [0.99517, 0.57549, 0.16412, 1.0], "HH0806190AB": [0.63082, 0.06868, 0.00401, 1.0]}