{
"Bezaire 2016": [1.0, 0.532721120956415, 0.0, 1.0],
"Cuts&Poir 2015": [0.14705697058638245, 1.0, 0.0, 1.0],
"Lee 2014": [0.0, 0.8036791805174157, 1.0, 1.0],
"Saudargiene 2015": [0.5165427279397867, 0.0, 1.0, 1.0],
"Turi 2019": [1.0, 0.0, 0.1400735757353404, 1.0],
"Chiovini 2014": [0.7, 0.271, 0.149, 1.0],
"Ferr&Asco 2015": [1.0, 0.4279414544120426, 0.0, 1.0],
"Migliore 2018": [0.772, 0.8, 0.0, 1.0],
"Tzilivaki.1 2019": [0.0, 1.0, 0.6709552500401159, 1.0],
"Tzilivaki.2 2019": [0.0, 0.5647084533113945, 1.0, 1.0],
"Tzilivaki.3 2019": [0.00963054632172239, 0.0, 1.0, 1.0],
"Tzilivaki.4 2019": [0.8639695459548403, 0.0, 1.0, 1.0],
"Tzilivaki.5 2019": [1.0, 0.0, 0.22169145441204254, 1.0],
"Saraga 2006 6.3C": [0.0, 0.6, 0.0, 1.0],
"Sherif 2020": [0.14227769779240333, 0.0, 1.0, 1.0],
"Hu(rb) 2018": [1.0, 0.6485300602947661, 0.0, 1.0],
"Hu(vd) 2018": [0.17021875845405265, 1.0, 0.0, 1.0],
"Hummos 2014": [0.7724252430134786, 1.0, 0.0, 1.0],
"Neymotin 2011": [0.0, 0.7, 0.4, 1.0],
"Neymotin 2013": [0.0, 0.9889734834587774, 1.0, 1.0],
"Stacey(rb) 2009": [0.0, 0.38676699889935195, 1.0, 1.0],
"Stacey(vd) 2009": [0.7944841823518297, 0.0, 1.0, 1.0],
"Vladimirov 2013": [1.0, 0.0, 0.6264711209564149, 1.0]
}
